Index,QueryText,ResponseText
1,"What is the chemical formula for water?","The chemical formula for water is H‚ÇÇO, consisting of two hydrogen atoms bonded to one oxygen atom."
2,"What's the weather like in New York right now?","The current weather in New York is 72¬∞F with partly cloudy skies and a 20% chance of rain."
3,"¬øC√≥mo se dice 'hello' en espa√±ol?","'Hello' se dice 'hola' en espa√±ol."
4,"Explain the concept of photosynthesis in simple terms","Photosynthesis is the process where plants use sunlight to convert carbon dioxide and water into glucose and oxygen. It's how plants make their food."
5,"What are the top 3 most populous countries in the world?","The top 3 most populous countries are China, India, and the United States."
6,"üåü What's the meaning of life? üåü","The meaning of life is a philosophical question with many interpretations. Some believe it's about happiness, others about purpose, and some see it as a journey of self-discovery."
7,"How do I make a basic chocolate cake?","Mix 2 cups flour, 2 cups sugar, 3/4 cup cocoa, 2 tsp baking soda, 1 tsp salt, 2 eggs, 1 cup buttermilk, 1/2 cup oil, 2 tsp vanilla, and 1 cup hot water. Bake at 350¬∞F for 30-35 minutes."
8,"What's the current price of Bitcoin?","Bitcoin is currently trading at $42,500 with a 24-hour trading volume of $25 billion."
9,"Explain quantum computing to a 5-year-old","Quantum computing is like having a super-fast calculator that can try many answers at once, instead of trying them one by one like regular computers do."
10,"What are the symptoms of COVID-19?","Common COVID-19 symptoms include fever, cough, shortness of breath, fatigue, body aches, headache, loss of taste or smell, sore throat, and congestion."
11,"How do I change a flat tire?","1. Park safely 2. Loosen lug nuts 3. Jack up car 4. Remove nuts and tire 5. Put on spare 6. Tighten nuts 7. Lower car 8. Final tighten"
12,"What's the capital of Japan?","The capital of Japan is Tokyo."
13,"How do I say 'thank you' in Japanese?","'Thank you' in Japanese is 'arigatou' („ÅÇ„Çä„Åå„Å®„ÅÜ) for casual situations and 'arigatou gozaimasu' („ÅÇ„Çä„Åå„Å®„ÅÜ„Åî„Åñ„ÅÑ„Åæ„Åô) for formal situations."
14,"What's the latest news about the Mars rover?","The Perseverance rover recently discovered evidence of ancient microbial life in Martian rocks and continues to collect samples for future return to Earth."
15,"How do I calculate the area of a circle?","The area of a circle is calculated using the formula A = œÄr¬≤, where r is the radius of the circle."
16,"What's the current time in London?","The current time in London is 3:45 PM GMT."
17,"Explain the theory of relativity","Einstein's theory of relativity consists of special and general relativity. Special relativity deals with objects moving at constant speed, while general relativity explains gravity as the curvature of spacetime."
18,"How do I make a perfect cup of coffee?","Use 2 tablespoons of freshly ground coffee per 6 ounces of water. Heat water to 195-205¬∞F, pour over grounds, and let steep for 4 minutes before pressing or filtering."
19,"What's the population of New York City?","New York City has approximately 8.8 million residents."
20,"How do I say 'I love you' in French?","'I love you' in French is 'Je t'aime'."
21,"What's the current stock price of Apple?","Apple's stock (AAPL) is currently trading at $175.50 per share."
22,"Explain how a car engine works","A car engine converts fuel into motion through controlled explosions in cylinders. The pistons move up and down, turning the crankshaft, which ultimately powers the wheels."
23,"What's the weather forecast for tomorrow?","Tomorrow's forecast shows sunny skies with a high of 78¬∞F and a low of 62¬∞F, with light winds from the west."
24,"How do I make homemade pizza dough?","Mix 3 cups flour, 1 packet yeast, 1 tsp salt, 1 tbsp sugar, 1 cup warm water, and 2 tbsp olive oil. Knead, let rise for 1 hour, then shape and top as desired."
25,"What's the current exchange rate between USD and EUR?","1 USD equals 0.92 EUR."
26,"Explain blockchain technology","Blockchain is a decentralized digital ledger that records transactions across many computers. Each block contains a cryptographic hash of the previous block, creating a secure chain."
27,"How do I say 'good morning' in Chinese?","'Good morning' in Chinese is 'z«éo sh√†ng h«éo' (Êó©‰∏äÂ•Ω)."
28,"What's the latest iPhone model?","The latest iPhone model is the iPhone 15 Pro Max."
29,"How do I calculate compound interest?","Compound interest is calculated using the formula A = P(1 + r/n)^(nt), where A is the final amount, P is principal, r is rate, n is compounding periods, and t is time."
30,"What's the current traffic situation on I-95?","There's moderate traffic on I-95 with a 15-minute delay due to construction between exits 45 and 47."
31,"Explain how a microwave oven works","Microwave ovens use electromagnetic waves to make water molecules in food vibrate, creating heat through friction. The waves are generated by a magnetron and reflected by the metal walls."
32,"How do I say 'hello' in 10 different languages?","Hello in: Spanish (Hola), French (Bonjour), German (Hallo), Italian (Ciao), Japanese (Konnichiwa), Chinese (N«ê h«éo), Russian (Privet), Arabic (Marhaba), Hindi (Namaste), Portuguese (Ol√°)"
33,"What's the current gold price per ounce?","Gold is currently trading at $1,950 per ounce."
34,"How do I make a basic website?","Create an HTML file with basic structure, add CSS for styling, and JavaScript for interactivity. Use a text editor and web browser to test. Consider using frameworks like React or Vue for more complex sites."
35,"What's the latest news about climate change?","Recent studies show global temperatures rising 1.1¬∞C above pre-industrial levels, with increasing frequency of extreme weather events and rising sea levels."
36,"How do I calculate my BMI?","BMI = weight (kg) / height (m)¬≤. For imperial units: BMI = (weight (lbs) √ó 703) / height (in)¬≤"
37,"What's the current time in Sydney?","The current time in Sydney is 5:30 AM AEST."
38,"Explain how a refrigerator works","A refrigerator uses a refrigerant that absorbs heat inside and releases it outside. The compressor pressurizes the refrigerant, which then flows through coils, changing between liquid and gas states."
39,"How do I say 'thank you' in 5 different languages?","Thank you in: Spanish (Gracias), French (Merci), German (Danke), Japanese (Arigatou), Chinese (Xi√®xi√®)"
40,"What's the current price of crude oil?","Crude oil is currently trading at $75 per barrel."
41,"How do I make a perfect omelette?","Beat 2-3 eggs with salt and pepper. Heat butter in a non-stick pan, pour eggs, let set slightly, then add fillings. Fold and cook until desired doneness."
42,"What's the latest news about artificial intelligence?","Recent AI developments include advanced language models, improved computer vision, and breakthroughs in protein folding prediction."
43,"How do I calculate the volume of a sphere?","The volume of a sphere is calculated using the formula V = (4/3)œÄr¬≥, where r is the radius."
44,"What's the current time in Dubai?","The current time in Dubai is 7:15 PM GST."
45,"Explain how a solar panel works","Solar panels convert sunlight into electricity using photovoltaic cells. When sunlight hits the cells, it knocks electrons loose, creating an electric current."
46,"How do I say 'goodbye' in 5 different languages?","Goodbye in: Spanish (Adi√≥s), French (Au revoir), German (Auf Wiedersehen), Japanese (Sayonara), Chinese (Z√†iji√†n)"
47,"What's the latest Tesla model?","The latest Tesla model is the Cybertruck."
48,"How do I calculate the area of a triangle?","The area of a triangle is calculated using the formula A = (1/2)bh, where b is the base and h is the height."
49,"What's the current air quality index in Beijing?","The current AQI in Beijing is 85, indicating moderate air quality."
50,"Explain how a camera works","A camera captures light through a lens, focusing it onto a sensor (or film). The aperture controls light amount, shutter speed controls exposure time, and ISO controls sensitivity."
51,"How do I say 'please' in 5 different languages?","Please in: Spanish (Por favor), French (S'il vous pla√Æt), German (Bitte), Japanese (Onegaishimasu), Chinese (Q«êng)"
52,"What's the latest news about space exploration?","NASA's Artemis program aims to return humans to the Moon, while private companies like SpaceX continue to advance reusable rocket technology."
53,"How do I calculate the perimeter of a rectangle?","The perimeter of a rectangle is calculated using the formula P = 2(l + w), where l is length and w is width."
54,"What's the current time in Moscow?","The current time in Moscow is 8:30 PM MSK."
55,"Explain how a light bulb works","A light bulb works by passing electricity through a thin filament, heating it until it glows. In LED bulbs, electricity excites electrons in a semiconductor, producing light."
56,"How do I say 'sorry' in 5 different languages?","Sorry in: Spanish (Lo siento), French (D√©sol√©), German (Entschuldigung), Japanese (Gomen nasai), Chinese (Du√¨buq«ê)"
57,"What's the latest news about renewable energy?","Solar and wind power capacity continues to grow globally, with new records in efficiency and decreasing costs making renewable energy more competitive."
58,"How do I calculate the area of a trapezoid?","The area of a trapezoid is calculated using the formula A = (1/2)(b‚ÇÅ + b‚ÇÇ)h, where b‚ÇÅ and b‚ÇÇ are the parallel sides and h is the height."
59,"What's the current time in Rio de Janeiro?","The current time in Rio de Janeiro is 4:45 PM BRT."
60,"Explain how a television works","A TV displays images by rapidly refreshing pixels on the screen. Modern TVs use LCD or OLED technology, where each pixel can be individually controlled to create the image."
61,"How do I say 'yes' and 'no' in 5 different languages?","Yes/No in: Spanish (S√≠/No), French (Oui/Non), German (Ja/Nein), Japanese (Hai/Iie), Chinese (Sh√¨/B√π)"
62,"What's the latest news about medical research?","Recent breakthroughs include mRNA vaccine technology, CRISPR gene editing advancements, and new cancer immunotherapy treatments."
63,"How do I calculate the volume of a cylinder?","The volume of a cylinder is calculated using the formula V = œÄr¬≤h, where r is the radius and h is the height."
64,"What's the current time in Cape Town?","The current time in Cape Town is 6:30 PM SAST."
65,"Explain how a washing machine works","A washing machine agitates clothes in water and detergent, then spins to remove water. Modern machines have sensors to adjust water levels and cycle times based on load size."
66,"How do I say 'good night' in 5 different languages?","Good night in: Spanish (Buenas noches), French (Bonne nuit), German (Gute Nacht), Japanese (Oyasumi), Chinese (W«én'ƒÅn)"
67,"What's the latest news about electric vehicles?","EV sales continue to rise globally, with new models offering longer ranges and faster charging times. Battery technology improvements are driving the market forward."
68,"How do I calculate the area of a parallelogram?","The area of a parallelogram is calculated using the formula A = bh, where b is the base and h is the height."
69,"What's the current time in Tokyo?","The current time in Tokyo is 2:15 AM JST."
70,"Explain how a smartphone works","A smartphone combines computer processing, cellular communication, and touch interface. It runs an operating system that manages apps, connects to networks, and processes user input."
71,"How do I say 'happy birthday' in 5 different languages?","Happy birthday in: Spanish (Feliz cumplea√±os), French (Joyeux anniversaire), German (Alles Gute zum Geburtstag), Japanese (Tanjoubi omedetou), Chinese (Shƒìngr√¨ ku√†il√®)"
72,"What's the latest news about quantum computing?","Recent developments include error correction breakthroughs and demonstrations of quantum supremacy in specific computational tasks."
73,"How do I calculate the surface area of a cube?","The surface area of a cube is calculated using the formula SA = 6s¬≤, where s is the length of one side."
74,"What's the current time in Mumbai?","The current time in Mumbai is 10:45 PM IST."
75,"Explain how a GPS system works","GPS uses satellites to determine location. The receiver calculates its position by measuring the time it takes for signals from multiple satellites to reach it."
76,"How do I say 'I love you' in 5 different languages?","I love you in: Spanish (Te quiero), French (Je t'aime), German (Ich liebe dich), Japanese (Aishiteru), Chinese (W«í √†i n«ê)"
77,"What's the latest news about robotics?","Advances in robotics include more dexterous robotic hands, improved AI for autonomous navigation, and collaborative robots for industrial applications."
78,"How do I calculate the volume of a cone?","The volume of a cone is calculated using the formula V = (1/3)œÄr¬≤h, where r is the radius and h is the height."
79,"What's the current time in Singapore?","The current time in Singapore is 1:15 AM SGT."
80,"Explain how a microwave works","Microwaves use electromagnetic waves to make water molecules vibrate, creating heat. The waves are generated by a magnetron and reflected by the metal walls of the oven."
81,"How do I say 'welcome' in 5 different languages?","Welcome in: Spanish (Bienvenido), French (Bienvenue), German (Willkommen), Japanese (Youkoso), Chinese (HuƒÅny√≠ng)"
82,"What's the latest news about space tourism?","Private companies are making progress in commercial space travel, with successful suborbital flights and plans for orbital tourism in the coming years."
83,"How do I calculate the area of a circle sector?","The area of a circle sector is calculated using the formula A = (Œ∏/360)œÄr¬≤, where Œ∏ is the central angle in degrees and r is the radius."
84,"What's the current time in Cairo?","The current time in Cairo is 7:30 PM EET."
85,"Explain how a digital camera works","A digital camera captures light through a lens onto a sensor. The sensor converts light into electrical signals, which are processed into digital images stored on memory cards."
86,"How do I say 'good luck' in 5 different languages?","Good luck in: Spanish (Buena suerte), French (Bonne chance), German (Viel Gl√ºck), Japanese (Ganbatte), Chinese (Zh√π n«ê h«éo y√πn)"
87,"What's the latest news about 5G technology?","5G networks continue to expand globally, offering faster speeds and lower latency. New applications in IoT and smart cities are emerging."
88,"How do I calculate the volume of a sphere sector?","The volume of a sphere sector is calculated using the formula V = (2/3)œÄr¬≤h, where r is the radius and h is the height of the cap."
89,"What's the current time in Auckland?","The current time in Auckland is 3:15 AM NZST."
90,"Explain how a touchscreen works","Touchscreens use capacitive or resistive technology to detect touch. Capacitive screens sense the electrical properties of your finger, while resistive screens respond to pressure."
91,"How do I say 'cheers' in 5 different languages?","Cheers in: Spanish (Salud), French (Sant√©), German (Prost), Japanese (Kanpai), Chinese (GƒÅnbƒìi)"
92,"What's the latest news about virtual reality?","VR technology continues to improve with better resolution, wider field of view, and more realistic haptic feedback. Applications in gaming, education, and training are expanding."
93,"How do I calculate the area of an ellipse?","The area of an ellipse is calculated using the formula A = œÄab, where a and b are the semi-major and semi-minor axes."
94,"What's the current time in Vancouver?","The current time in Vancouver is 11:45 AM PDT."
95,"Explain how a fingerprint scanner works","Fingerprint scanners use optical or capacitive sensors to capture the unique pattern of ridges and valleys. The image is converted to a digital template for comparison."
96,"How do I say 'bon app√©tit' in 5 different languages?","Bon app√©tit in: Spanish (Buen provecho), French (Bon app√©tit), German (Guten Appetit), Japanese (Itadakimasu), Chinese (Q«êng m√†n y√≤ng)"
97,"What's the latest news about autonomous vehicles?","Self-driving technology continues to advance, with improvements in sensor systems, AI decision-making, and regulatory frameworks for testing and deployment."
98,"How do I calculate the volume of an ellipsoid?","The volume of an ellipsoid is calculated using the formula V = (4/3)œÄabc, where a, b, and c are the semi-axes."
99,"What's the current time in Honolulu?","The current time in Honolulu is 8:15 AM HST."
100,"Explain how a barcode scanner works","A barcode scanner uses a light source and sensor to read the pattern of black and white bars. The reflected light is converted into electrical signals that represent the encoded data."
